name,country_name
Bamboo Flat,India
Nicobar,India
Port Blair,India
South Andaman,India
Addanki,India
Adoni,India
Akasahebpet,India
Akividu,India
Akkarampalle,India
Amalapuram,India
Amudalavalasa,India
Anakapalle,India
Anantapur,India
Atmakur,India
Attili,India
Avanigadda,India
Badvel,India
Banganapalle,India
Bapatla,India
Betamcherla,India
Bhattiprolu,India
Bhimavaram,India
Bhimunipatnam,India
Bobbili,India
Challapalle,India
Chemmumiahpet,India
Chilakalurupet,India
Chinnachowk,India
Chipurupalle,India
Chirala,India
Chittoor,India
Chodavaram,India
Cuddapah,India
Cumbum,India
Darsi,India
Dharmavaram,India
Dhone,India
Diguvametta,India
East Godavari,India
Elamanchili,India
Ellore,India
Emmiganur,India
Erraguntla,India
Etikoppaka,India
Gajuwaka,India
Ganguvada,India
Gannavaram,India
Giddalur,India
Gokavaram,India
Gorantla,India
GovindapuramChilakaluripetGuntur,India
Gudivada,India
Gudlavalleru,India
Gudur,India
Guntakal Junction,India
Guntur,India
Hindupur,India
Ichchapuram,India
Jaggayyapeta,India
Jammalamadugu,India
Kadiri,India
Kaikalur,India
Kakinada,India
Kalyandurg,India
Kamalapuram,India
Kandukur,India
Kanigiri,India
Kankipadu,India
Kanuru,India
Kavali,India
Kolanukonda,India
Kondapalle,India
Korukollu,India
Kosigi,India
Kovvur,India
Krishna,India
Kuppam,India
Kurnool,India
Macherla,India
Machilipatnam,India
Madanapalle,India
Madugula,India
Mandapeta,India
Mandasa,India
Mangalagiri,India
Markapur,India
Nagari,India
Nagireddipalli,India
Nandigama,India
Nandikotkur,India
Nandyal,India
Narasannapeta,India
Narasapur,India
Narasaraopet,India
Narasingapuram,India
Narayanavanam,India
Narsipatnam,India
Nayudupet,India
Nellore,India
Nidadavole,India
Nuzvid,India
Ongole,India
Pakala,India
Palakollu,India
Palasa,India
Palkonda,India
Pallevada,India
Palmaner,India
Parlakimidi,India
Parvatipuram,India
Pavuluru,India
Pedana,India
pedda nakkalapalem,India
Peddapuram,India
Penugonda,India
Penukonda,India
Phirangipuram,India
Pippara,India
Pithapuram,India
Polavaram,India
Ponnur,India
Ponnuru,India
Prakasam,India
Proddatur,India
Pulivendla,India
Punganuru,India
Puttaparthi,India
Puttur,India
Rajahmundry,India
Ramachandrapuram,India
Ramanayyapeta,India
Ramapuram,India
Rampachodavaram,India
Rayachoti,India
Rayadrug,India
Razam,India
Razampeta,India
Razole,India
Renigunta,India
Repalle,India
Salur,India
Samalkot,India
Sattenapalle,India
Singarayakonda,India
Sompeta,India
Srikakulam,India
Srisailain,India
Suluru,India
Tadepalle,India
Tadepallegudem,India
Tadpatri,India
Tanuku,India
Tekkali,India
Tirumala,India
Tirupati,India
Tuni,India
Uravakonda,India
vadlamuru,India
Vadlapudi,India
Venkatagiri,India
Vepagunta,India
Vetapalem,India
Vijayawada,India
Vinukonda,India
Visakhapatnam,India
Vizianagaram,India
Vizianagaram District,India
Vuyyuru,India
West Godavari,India
Yanam,India
Yanamalakuduru,India
Yarada,India
Along,India
Anjaw,India
Basar,India
Bomdila,India
Changlang,India
Dibang Valley,India
East Kameng,India
East Siang,India
Hayuliang,India
Itanagar,India
Khonsa,India
Kurung Kumey,India
Lohit,India
Lower Dibang Valley,India
Lower Subansiri,India
Margherita,India
Naharlagun,India
Pasighat,India
Tawang,India
Tezu,India
Tirap,India
Upper Siang,India
Upper Subansiri,India
West Kameng,India
West Siang,India
Ziro,India
Abhayapuri,India
Amguri,India
Badarpur,India
Baksa,India
Barpathar,India
Barpeta,India
Barpeta Road,India
Basugaon,India
Bihpuriagaon,India
Bijni,India
Bilasipara,India
Bokajan,India
Bokakhat,India
Bongaigaon,India
Cachar,India
Chabua,India
Chapar,India
Chirang,India
Darrang,India
Dergaon,India
Dhekiajuli,India
Dhemaji,India
Dhing,India
Dhubri,India
Dibrugarh,India
Digboi,India
Dima Hasao,India
Diphu,India
Dispur,India
Duliagaon,India
Dum Duma,India
Gauripur,India
Goalpara,India
Gohpur,India
Golaghat,India
Golakganj,India
Goshaingaon,India
Guwahati,India
Haflong,India
Hailakandi,India
Hajo,India
Hojai,India
Howli,India
Jogighopa,India
Jorhat,India
Kamrup,India
Kamrup Metropolitan,India
Karbi Anglong,India
Karimganj,India
Kharupatia,India
Kokrajhar,India
Lakhimpur,India
Lakhipur,India
Lala,India
Lumding Railway Colony,India
Mahur,India
Maibong,India
Makum,India
Mangaldai,India
Mariani,India
Moranha,India
Morigaon,India
Nagaon,India
Nahorkatiya,India
Nalbari,India
Namrup,India
Nazira,India
North Guwahati,India
North Lakhimpur,India
Numaligarh,India
Palasbari,India
Raha,India
Rangapara,India
Rangia,India
Sapatgram,India
Sarupathar,India
Sibsagar,India
Silapathar,India
Silchar,India
Soalkuchi,India
Sonari,India
Sonitpur,India
Sorbhog,India
Tezpur,India
Tinsukia,India
Titabar,India
Udalguri,India
Amarpur,India
Araria,India
Arrah,India
Arwal,India
Asarganj,India
Aurangabad,India
Bagaha,India
Bahadurganj,India
Bairagnia,India
Baisi,India
Bakhtiyarpur,India
Bangaon,India
Banka,India
Banmankhi,India
Bar Bigha,India
Barauli,India
Barh,India
Barhiya,India
Bariarpur,India
Baruni,India
Begusarai,India
Belsand,India
Bettiah,India
Bhabhua,India
Bhagalpur,India
Bhagirathpur,India
Bhawanipur,India
Bhojpur,India
Bihar Sharif,India
Bihariganj,India
Bikramganj,India
Birpur,India
Bodh Gaya,India
Buxar,India
Chakia,India
Chapra,India
Chhatapur,India
Colgong,India
Dalsingh Sarai,India
Darbhanga,India
Daudnagar,India
Dehri,India
Dhaka,India
Dighwara,India
Dinapore,India
Dumra,India
Dumraon,India
Fatwa,India
Forbesganj,India
Gaya,India
Ghoga,India
Gopalganj,India
Hajipur,India
Hilsa,India
Hisua,India
Islampur,India
Jagdispur,India
Jahanabad,India
Jamalpur,India
Jamui,India
Jaynagar,India
Jehanabad,India
Jha-Jha,India
Jhanjharpur,India
Jogbani,India
Kaimur,India
Kasba,India
Katihar,India
Khagaria,India
Khagaul,India
Kharagpur,India
Khusropur,India
Kishanganj,India
Koath,India
Koelwar,India
Lakhisarai,India
Lalganj,India
Luckeesarai,India
Madhepura,India
Madhubani,India
Maharajgani,India
Mairwa,India
Maner,India
Manihari,India
Marhaura,India
Masaurhi Buzurg,India
Mohiuddi nagar,India
Mokameh,India
Monghyr,India
Mothihari,India
Munger,India
Murliganj,India
Muzaffarpur,India
Nabinagar,India
Nalanda,India
Nasriganj,India
Naugachhia,India
Nawada,India
Nirmali,India
Pashchim Champaran,India
Patna,India
Piro,India
Pupri,India
Purba Champaran,India
Purnia,India
Rafiganj,India
Raghunathpur,India
Rajgir,India
Ramnagar,India
Raxaul,India
Revelganj,India
Rohtas,India
Rusera,India
Sagauli,India
Saharsa,India
Samastipur,India
Saran,India
Shahbazpur,India
Shahpur,India
Sheikhpura,India
Sheohar,India
Sherghati,India
Silao,India
Sitamarhi,India
Siwan,India
Supaul,India
Teghra,India
Tekari,India
Thakurganj,India
Vaishali,India
Waris Aliganj,India
Chandigarh,India
Akaltara,India
Ambagarh Chauki,India
Ambikapur,India
Arang,India
Baikunthpur,India
Balod,India
Baloda,India
Baloda Bazar,India
Basna,India
Bastar,India
Bemetara,India
Bhanpuri,India
Bhatapara,India
Bhatgaon,India
Bhilai,India
Bijapur,India
Bilaspur,India
Champa,India
Chhuikhadan,India
Dantewada,India
Deori,India
Dhamtari,India
Dongargaon,India
Dongargarh,India
Durg,India
Gandai,India
Gariaband,India
Gaurela,India
Gharghoda,India
Gidam,India
Jagdalpur,India
Janjgir,India
Janjgir-Champa,India
Jashpur,India
Jashpurnagar,India
Junagarh,India
Kabeerdham,India
Kanker,India
Katghora,India
Kawardha,India
Khairagarh,India
Khamharia,India
Kharod,India
Kharsia,India
Kirandul,India
Kondagaon,India
Korba,India
Koria,India
Kota,India
Kotaparh,India
Kumhari,India
Kurud,India
Lormi,India
Mahasamund,India
Mungeli,India
Narayanpur,India
Narharpur,India
Pandaria,India
Pandatarai,India
Pasan,India
Patan,India
Pathalgaon,India
Pendra,India
Pithora,India
Raigarh,India
Raipur,India
Raj Nandgaon,India
Ramanuj Ganj,India
Ratanpur,India
Sakti,India
Saraipali,India
Sarangarh,India
Seorinarayan,India
Simga,India
Surguja,India
Takhatpur,India
Umarkot,India
Uttar Bastar Kanker,India
Amli,India
Dadra,India
Dadra & Nagar Haveli,India
Daman,India
Diu,India
Silvassa,India
Alipur,India
Bawana,India
Central Delhi,India
Delhi,India
Deoli,India
East Delhi,India
Karol Bagh,India
Najafgarh,India
Nangloi Jat,India
Narela,India
New Delhi,India
North Delhi,India
North East Delhi,India
North West Delhi,India
Pitampura,India
Rohini,India
South Delhi,India
South West Delhi,India
West Delhi,India
Aldona,India
Arambol,India
Baga,India
Bambolim,India
Bandora,India
Benaulim,India
Calangute,India
Candolim,India
Carapur,India
Cavelossim,India
Chicalim,India
Chinchinim,India
Colovale,India
Colva,India
Cortalim,India
Cuncolim,India
Curchorem,India
Curti,India
Davorlim,India
Dicholi,India
Goa Velha,India
Guirim,India
Jua,India
Kankon,India
Madgaon,India
Mapuca,India
Morjim,India
Mormugao,India
Navelim,India
North Goa,India
Palle,India
Panaji,India
Pernem,India
Ponda,India
Quepem,India
Queula,India
Raia,India
Saligao,India
Sancoale,India
Sanguem,India
Sanquelim,India
Sanvordem,India
Serula,India
Solim,India
South Goa,India
Taleigao,India
Vagator,India
Valpoy,India
Varca,India
Vasco da Gama,India
Abrama,India
Adalaj,India
Agol,India
Ahmedabad,India
Ahwa,India
Akrund,India
Amod,India
Amreli,India
Amroli,India
Anand,India
Anjar,India
Ankleshwar,India
Babra,India
Bagasara,India
Bagasra,India
Bakharla,India
Balagam,India
Balasinor,India
Balisana,India
Bamanbore,India
Banas Kantha,India
Bandia,India
Bantva,India
Bardoli,India
Bavla,India
Bedi,India
Bhachau,India
Bhadran,India
Bhandu,India
Bhanvad,India
Bharuch,India
Bhatha,India
Bhavnagar,India
Bhayavadar,India
Bhildi,India
Bhojpur Dharampur,India
Bhuj,India
Bilimora,India
Bilkha,India
Borsad,India
Botad,India
Chaklasi,India
Chalala,India
Chaloda,India
Champaner,India
Chanasma,India
Chhala,India
Chhota Udepur,India
Chikhli,India
Chotila,India
Chuda,India
Dabhoda,India
Dabhoi,India
Dahegam,India
Dahod,India
Dakor,India
Damnagar,India
Dandi,India
Danta,India
Dayapar,India
Delvada,India
Delwada,India
Detroj,India
Devbhumi Dwarka,India
Devgadh Bariya,India
Dhandhuka,India
Dhanera,India
Dhansura,India
Dharampur,India
Dharasana,India
Dhari,India
Dhasa,India
Dhola,India
Dholera,India
Dholka,India
Dhoraji,India
Dhrangadhra,India
Dhrol,India
Dhuwaran,India
Disa,India
Dohad,India
Dumkhal,India
Dungarpur,India
Dwarka,India
Gadhada,India
Gandevi,India
Gandhidham,India
Gandhinagar,India
Gariadhar,India
Ghodasar,India
Ghogha,India
Gir Somnath,India
Godhra,India
Gondal,India
Gorwa,India
Halenda,India
Halol,India
Halvad,India
Hansot,India
Harij,India
Harsol,India
Hathuran,India
Himatnagar,India
Idar,India
Jakhau,India
Jalalpore,India
Jalalpur,India
Jalia,India
Jambuda,India
Jambusar,India
Jamnagar,India
Jarod,India
Jasdan,India
Jetalpur,India
Jetalsar,India
Jetpur,India
Jhalod,India
Jhulasan,India
Jodhpur,India
Jodhpur (Ahmedabad),India
Junagadh,India
Kachchh,India
Kachholi,India
Kadi,India
Kadod,India
Kalavad,India
Kalol,India
Kandla,India
Kandla port,India
Kanodar,India
Kapadvanj,India
Karamsad,India
Kariana,India
Karjan,India
Kathor,India
Katpur,India
Kawant,India
Kayavarohan,India
Kerwada,India
Keshod,India
Khambhalia,India
Khambhat,India
Khavda,India
Kheda,India
Khedbrahma,India
Khedoi,India
Kherali,India
Kheralu,India
Kodinar,India
Kosamba,India
Kothara,India
Kotharia,India
Kukarmunda,India
Kukma,India
Kundla,India
Kutch,India
Kutiyana,India
Ladol,India
Lakhpat,India
Lakhtar,India
Lalpur,India
Langhnaj,India
Lathi,India
Limbdi,India
Limkheda,India
Lunavada,India
Madhavpur Ghed,India
Madhi,India
Mahemdavad,India
Mahesana,India
Mahisa,India
Mahudha,India
Mahuva,India
Mahuva (Surat),India
Malpur,India
Manavadar,India
Mandal,India
Mandvi,India
Mandvi (Surat),India
Mangrol,India
Mangrol (Junagadh),India
Mansa,India
Meghraj,India
Mehsana,India
Mendarda,India
Mithapur,India
Modasa,India
Morbi,India
Morva (Hadaf),India
Morwa,India
Mundra,India
Nadiad,India
Nagwa,India
Naldhara,India
Naliya,India
Nargol,India
Narmada,India
Naroda,India
Navsari,India
Nikora,India
Nizar,India
Odadar,India
Okha,India
Olpad,India
Paddhari,India
Padra,India
Palanpur,India
Palanswa,India
Palitana,India
Paliyad,India
Palsana,India
Panch Mahals,India
Panchmahal,India
Pardi,India
Parnera,India
Patan,India
Pavi Jetpur,India
Petlad,India
Pipavav,India
Piplod,India
Porbandar,India
Prabhas Patan,India
Prantij,India
Radhanpur,India
Rajkot,India
Rajpipla,India
Rajula,India
Ranavav,India
Ranpur,India
Rapar,India
Reha,India
Roha,India
Sabar Kantha,India
Sachin,India
Salaya,India
Samakhiali,India
Sanand,India
Sankheda,India
Sarbhon,India
Sardoi,India
Sarkhej,India
Sathamba,India
Savarkundla,India
Savli,India
Sayla,India
Shahpur,India
Shivrajpur,India
Siddhpur,India
Sihor,India
Sikka,India
Sinor,India
Sojitra,India
Songadh,India
Supedi,India
Surat,India
Surendranagar,India
Sutrapada,India
Talaja,India
Tankara,India
Tapi,India
Than,India
Thangadh,India
Tharad,India
Thasra,India
The Dangs,India
Umarpada,India
Umrala,India
Umreth,India
Un,India
Una,India
Unjha,India
Upleta,India
Utran,India
Vadgam,India
Vadnagar,India
Vadodara,India
Vaghodia,India
Vaghodia INA,India
Vallabh Vidyanagar,India
Vallabhipur,India
Valsad,India
Vanala,India
Vansda,India
Vanthli,India
Vapi,India
Vartej,India
Vasa,India
Vasavad,India
Vaso,India
Vataman,India
Vejalpur,India
Veraval,India
Vijapur,India
Vinchhiya,India
Viramgam,India
Virpur,India
Visavadar,India
Visnagar,India
Vyara,India
Wadhai,India
Wadhwan,India
Waghai,India
Wankaner,India
Ambala,India
Asandh,India
Ateli Mandi,India
Bahadurgarh,India
Bara Uchana,India
Barwala,India
Bawal,India
Beri Khas,India
Bhiwani,India
Bilaspur,India
Buriya,India
Charkhi Dadri,India
Chhachhrauli,India
Dabwali,India
Dharuhera,India
Ellenabad,India
Faridabad,India
Farrukhnagar,India
Fatehabad,India
Firozpur Jhirka,India
Gharaunda,India
Gohana,India
Gorakhpur,India
Gurugram,India
Hansi,India
Hasanpur,India
Hisar,India
Hodal,India
Inda Chhoi,India
Indri,India
Jagadhri,India
Jakhal,India
Jhajjar,India
Jind,India
Kaithal,India
Kalanaur,India
Kalanwali,India
Kanina Khas,India
Karnal,India
Kharkhauda,India
Kheri Sampla,India
Kurukshetra,India
Ladwa,India
Loharu,India
Maham,India
Mahendragarh,India
Mandholi Kalan,India
Mustafabad,India
Narayangarh,India
Narnaul,India
Narnaund,India
Narwana,India
Nilokheri,India
Nuh,India
Palwal,India
Panchkula,India
Panipat,India
Pataudi,India
Pehowa,India
Pinjaur,India
Punahana,India
Pundri,India
Radaur,India
Rania,India
Ratia,India
Rewari,India
Rohtak,India
Safidon,India
Samalkha,India
Shadipur Julana,India
Shahabad,India
Sirsa,India
Sohna,India
Sonipat,India
Taoru,India
Thanesar,India
Tohana,India
Tosham,India
Uklana,India
Yamunanagar,India
Arki,India
Baddi,India
Banjar,India
Bilaspur,India
Chamba,India
Chaupal,India
Chowari,India
Chuari Khas,India
Dagshai,India
Dalhousie,India
Daulatpur,India
Dera Gopipur,India
Dharamsala,India
Gagret,India
Ghumarwin,India
Hamirpur,India
Jawala Mukhi,India
Jogindarnagar,India
Jubbal,India
Jutogh,India
Kalka,India
Kangar,India
Kangra,India
Kasauli,India
Kinnaur,India
Kotkhai,India
Kotla,India
Kulu,India
Kyelang,India
Lahul and Spiti,India
Manali,India
Mandi,India
Nadaun,India
Nagar,India
Nagrota,India
Nahan,India
Nalagarh,India
Palampur,India
Pandoh,India
Paonta Sahib,India
Parwanoo,India
Rajgarh,India
Rampur,India
Rohru,India
Sabathu,India
Santokhgarh,India
Sarahan,India
Sarka Ghat,India
Seoni,India
Shimla,India
Sirmaur,India
Solan,India
Sundarnagar,India
Theog,India
Tira Sujanpur,India
Una,India
Yol,India
Akhnur,India
Anantnag,India
Awantipur,India
Badgam,India
Bandipore,India
Banihal,India
Baramula,India
Batoti,India
Bhadarwah,India
Bijbehara,India
Bishnah,India
Doda,India
Ganderbal,India
Gho Brahmanan de,India
Hajan,India
Hiranagar,India
Jammu,India
Jaurian,India
Kathua,India
Katra,India
Khaur,India
Kishtwar,India
Kud,India
Kulgam,India
Kupwara,India
Ladakh,India
Magam,India
Nawanshahr,India
Noria,India
Padam,India
Pahlgam,India
Parol,India
Pattan,India
Pulwama,India
Punch,India
Qazigund,India
Rajaori,India
Rajauri,India
Ramban,India
Ramgarh,India
Ramnagar,India
Riasi,India
Samba,India
Shupiyan,India
Sopur,India
Soyibug,India
Srinagar,India
Sumbal,India
Thang,India
Thanna Mandi,India
Tral,India
Tsrar Sharif,India
Udhampur,India
Uri,India
Bagra,India
Barka Kana,India
Barki Saria,India
Barwadih,India
Bhojudih,India
Bokaro,India
Bundu,India
Chaibasa,India
Chakradharpur,India
Chakulia,India
Chandil,India
Chas,India
Chatra,India
Chiria,India
Daltonganj,India
Deogarh,India
Dhanbad,India
Dhanwar,India
Dugda,India
Dumka,India
Garhwa,India
Ghatsila,India
Giridih,India
Gobindpur,India
Godda,India
Gomoh,India
Gopinathpur,India
Gua,India
Gumia,India
Gumla,India
Hazaribag,India
Hazaribagh,India
Hesla,India
Husainabad,India
Jagannathpur,India
Jamadoba,India
Jamshedpur,India
Jamtara,India
Jasidih,India
Jharia,India
Jugsalai,India
Jumri Tilaiya,India
Kalikapur,India
Kandra,India
Kanke,India
Katras,India
Kenduadih,India
Kharsawan,India
Khunti,India
Kodarma,India
Kuju,India
Latehar,India
Lohardaga,India
Madhupur,India
Malkera,India
Manoharpur,India
Mugma,India
Mushabani,India
Neturhat,India
Nirsa,India
Noamundi,India
Pakur,India
Palamu,India
Pashchim Singhbhum,India
patamda,India
Pathardih,India
Purba Singhbhum,India
Ramgarh,India
Ranchi,India
Ray,India
Sahibganj,India
Saraikela,India
Sarubera,India
Sijua,India
Simdega,India
Sini,India
Topchanchi,India
Afzalpur,India
Ajjampur,India
Aland,India
Alnavar,India
Alur,India
Anekal,India
Ankola,India
Annigeri,India
Arkalgud,India
Arsikere,India
Athni,India
Aurad,India
Badami,India
Bagalkot,India
Bagepalli,India
Bail-Hongal,India
Ballari,India
Banavar,India
Bangarapet,India
Bannur,India
Bantval,India
Basavakalyan,India
Basavana Bagevadi,India
Belagavi,India
Belluru,India
Beltangadi,India
Belur,India
Bengaluru,India
Bengaluru Rural,India
Bengaluru Urban,India
Bhadravati,India
Bhalki,India
Bhatkal,India
Bidar,India
Bilgi,India
Birur,India
Byadgi,India
Byndoor,India
Canacona,India
Challakere,India
Chamrajnagar,India
Channagiri,India
Channapatna,India
Channarayapatna,India
Chik Ballapur,India
Chikkaballapur,India
Chikkamagaluru,India
Chiknayakanhalli,India
Chikodi,India
Chincholi,India
Chintamani,India
Chitapur,India
Chitradurga,India
Closepet,India
Coondapoor,India
Dakshina Kannada,India
Dandeli,India
Davanagere,India
Devanhalli,India
Dharwad,India
Dod Ballapur,India
French Rocks,India
Gadag,India
Gadag-Betageri,India
Gajendragarh,India
Gangawati,India
Gangolli,India
Gokak,India
Gokarna,India
Goribidnur,India
Gorur,India
Gubbi,India
Gudibanda,India
Guledagudda,India
Gundlupet,India
Gurmatkal,India
Hadagalli,India
Haliyal,India
Hampi,India
Hangal,India
Harihar,India
Harpanahalli,India
Hassan,India
Haveri,India
Heggadadevankote,India
Hirekerur,India
Hiriyur,India
Holalkere,India
Hole Narsipur,India
Homnabad,India
Honavar,India
Honnali,India
Hosanagara,India
Hosangadi,India
Hosdurga,India
Hoskote,India
Hospet,India
Hubballi,India
Hukeri,India
Hungund,India
Hunsur,India
Ilkal,India
Indi,India
Jagalur,India
Jamkhandi,India
Jevargi,India
Kadur,India
Kalaburgi,India
Kalghatgi,India
Kampli,India
Kanakpura,India
Kankanhalli,India
Karkala,India
Karwar,India
Kavalur,India
Kerur,India
Khanapur,India
Kodagu,India
Kodigenahalli,India
Kodlipet,India
Kolar,India
Kollegal,India
Konanur,India
Konnur,India
Koppa,India
Koppal,India
Koratagere,India
Kotturu,India
Krishnarajpet,India
Kudachi,India
Kudligi,India
Kumsi,India
Kumta,India
Kundgol,India
Kunigal,India
Kurgunta,India
Kushalnagar,India
Kushtagi,India
Lakshmeshwar,India
Lingsugur,India
Londa,India
Maddagiri,India
Maddur,India
Madikeri,India
Magadi,India
Mahalingpur,India
Malavalli,India
Malpe,India
Malur,India
Mandya,India
Mangaluru,India
Manipal,India
Manvi,India
Mayakonda,India
Melukote,India
Mudbidri,India
Muddebihal,India
Mudgal,India
Mudgere,India
Mudhol,India
Mulbagal,India
Mulgund,India
Mulki,India
Mundargi,India
Mundgod,India
Munirabad,India
Murudeshwara,India
Mysuru,India
Nagamangala,India
Nanjangud,India
Narasimharajapura,India
Naregal,India
Nargund,India
Navalgund,India
Nelamangala,India
Nyamti,India
Pangala,India
Pavugada,India
Piriyapatna,India
Ponnampet,India
Puttur,India
Rabkavi,India
Raichur,India
Ramanagara,India
Ranibennur,India
Raybag,India
Robertsonpet,India
Ron,India
Sadalgi,India
Sagar,India
Sakleshpur,India
Sandur,India
Sanivarsante,India
Sankeshwar,India
Sargur,India
Saundatti,India
Savanur,India
Seram,India
Shahabad,India
Shahpur,India
Shiggaon,India
Shikarpur,India
Shimoga,India
Shirhatti,India
Shorapur,India
Shrirangapattana,India
Siddapur,India
Sidlaghatta,India
Sindgi,India
Sindhnur,India
Sira,India
Sirsi,India
Siruguppa,India
Someshwar,India
Somvarpet,India
Sorab,India
Sravana Belgola,India
Sringeri,India
Srinivaspur,India
Sulya,India
Suntikoppa,India
Talikota,India
Tarikere,India
Tekkalakote,India
Terdal,India
Tiptur,India
Tirthahalli,India
Tirumakudal Narsipur,India
Tumakuru,India
Turuvekere,India
Udupi,India
Ullal,India
Uttar Kannada,India
Vadigenhalli,India
Vijayapura,India
Virarajendrapet,India
Wadi,India
Yadgir,India
Yelahanka,India
Yelandur,India
Yelbarga,India
Yellapur,India
Adoor,India
Alappuzha,India
Aluva,India
Alwaye,India
Angamali,India
Aroor,India
Arukutti,India
Attingal,India
Avanoor,India
Azhikkal,India
Beypore,India
Changanacheri,India
Chelakara,India
Chengannur,India
Cherpulassery,India
Cherthala,India
Chetwayi,India
Chittur,India
Cochin,India
Dharmadom,India
Edakkulam,India
Elur,India
Erattupetta,India
Ernakulam,India
Ferokh,India
Guruvayur,India
Idukki,India
Iringal,India
Irinjalakuda,India
Kadakkavoor,India
Kalamassery,India
Kalavoor,India
Kalpetta,India
Kanhangad,India
Kannavam,India
Kannur,India
Kasaragod,India
Kattanam,India
Kayankulam,India
Kizhake Chalakudi,India
Kodungallur,India
Kollam,India
Kotamangalam,India
Kottayam,India
Kovalam,India
Kozhikode,India
Kumbalam,India
Kunnamangalam,India
Kunnamkulam,India
Kunnumma,India
Kutiatodu,India
Kuttampuzha,India
Lalam,India
Mahe,India
Malappuram,India
Manjeri,India
Manjeshwaram,India
Mannarakkat,India
Marayur,India
Mattanur,India
Mavelikara,India
Mavoor,India
Muluppilagadu,India
Munnar,India
Muvattupula,India
Muvattupuzha,India
Nadapuram,India
Naduvannur,India
Nedumangad,India
Neyyattinkara,India
Nileshwar,India
Ottappalam,India
Palackattumala,India
Palakkad,India
Palghat,India
Panamaram,India
Pappinissheri,India
Paravur Tekkumbhagam,India
Pariyapuram,India
Pathanamthitta,India
Pattanamtitta,India
Payyanur,India
Perinthalmanna,India
Perumbavoor,India
Perumpavur,India
Perya,India
Piravam,India
Ponmana,India
Ponnani,India
Punalur,India
Ramamangalam,India
Shertallai,India
Shoranur,India
Taliparamba,India
Thalassery,India
Thanniyam,India
Thiruvananthapuram,India
Thrissur,India
Tirur,India
Tiruvalla,India
Vaikam,India
Varkala,India
Vatakara,India
Vayalar,India
Vettur,India
Wayanad,India
Kargil,India
Leh,India
Kavaratti,India
Lakshadweep,India
Agar,India
Ajaigarh,India
Akodia,India
Alampur,India
Alirajpur,India
Alot,India
Amanganj,India
Amarkantak,India
Amarpatan,India
Amarwara,India
Ambah,India
Amla,India
Anjad,India
Antri,India
Anuppur,India
Aron,India
Ashoknagar,India
Ashta,India
Babai,India
Badarwas,India
Badnawar,India
Bagh,India
Bagli,India
Baihar,India
Baikunthpur,India
Bakshwaha,India
Balaghat,India
Baldeogarh,India
Bamna,India
Bamor Kalan,India
Bamora,India
Banda,India
Barela,India
Barghat,India
Bargi,India
Barhi,India
Barwani,India
Basoda,India
Begamganj,India
Beohari,India
Berasia,India
Betma,India
Betul,India
Betul Bazar,India
Bhabhra,India
Bhainsdehi,India
Bhander,India
Bhanpura,India
Bhawaniganj,India
Bhikangaon,India
Bhind,India
Bhitarwar,India
Bhopal,India
Biaora,India
Bijawar,India
Bijrauni,India
Bodri,India
Burhanpur,India
Burhar,India
Chanderi,India
Chandia,India
Chandla,India
Chhatarpur,India
Chhindwara,India
Chichli,India
Chorhat,India
Daboh,India
Dabra,India
Damoh,India
Datia,India
Deori Khas,India
Depalpur,India
Dewas,India
Dhamnod,India
Dhana,India
Dhar,India
Dharampuri,India
Dindori,India
Etawa,India
Gadarwara,India
Garha Brahman,India
Garhakota,India
Gautampura,India
Ghansor,India
Gogapur,India
Gohadi,India
Govindgarh,India
Guna,India
Gurh,India
Gwalior,India
Harda,India
Harda Khas,India
Harpalpur,India
Harrai,India
Harsud,India
Hatod,India
Hatta,India
Hindoria,India
Hoshangabad,India
Iawar,India
Ichhawar,India
Iklehra,India
Indore,India
Isagarh,India
Itarsi,India
Jabalpur,India
Jaisinghnagar,India
Jaithari,India
Jamai,India
Jaora,India
Jatara,India
Jawad,India
Jhabua,India
Jiran,India
Jobat,India
Kailaras,India
Kaimori,India
Kannod,India
Kareli,India
Karera,India
Karrapur,India
Kasrawad,India
Katangi,India
Katni,India
Khachrod,India
Khailar,India
Khajuraho Group of Monuments,India
Khamaria,India
Khandwa,India
Khargapur,India
Khargone,India
Khategaon,India
Khilchipur,India
Khirkiyan,India
Khujner,India
Khurai,India
Kolaras,India
Korwai,India
Kotar,India
Kothi,India
Kotma,India
Kotwa,India
Kukshi,India
Kumbhraj,India
Lahar,India
Lakhnadon,India
Leteri,India
Lodhikheda,India
Machalpur,India
Madhogarh,India
Maheshwar,India
Mahgawan,India
Maihar,India
Majholi,India
Maksi,India
Malhargarh,India
Manasa,India
Manawar,India
Mandideep,India
Mandla,India
Mandleshwar,India
Mandsaur,India
Mangawan,India
Manpur,India
Mau,India
Mauganj,India
Mihona,India
Mohgaon,India
Morar,India
Morena,India
Multai,India
Mundi,India
Mungaoli,India
Murwara,India
Nagda,India
Nagod,India
Naigarhi,India
Nainpur,India
Namli,India
Naraini,India
Narayangarh,India
Narsimhapur,India
Narsinghgarh,India
Narwar,India
Nasrullahganj,India
Neemuch,India
Nepanagar,India
Orchha,India
Pachmarhi,India
Palera,India
Pali,India
Panagar,India
Panara,India
Pandhana,India
Pandhurna,India
Panna,India
Pansemal,India
Parasia,India
Patan,India
Patharia,India
Pawai,India
Petlawad,India
Piploda,India
Pithampur,India
Porsa,India
Punasa,India
Raghogarh,India
Rahatgarh,India
Raisen,India
Rajgarh,India
Rajnagar,India
Rajpur,India
Rampura,India
Ranapur,India
Ratangarh,India
Ratlam,India
Rehli,India
Rehti,India
Rewa,India
Sabalgarh,India
Sagar,India
Sailana,India
Sanawad,India
Sanchi,India
Sanwer,India
Sarangpur,India
Satna,India
Satwas,India
Saugor,India
Sausar,India
Sehore,India
Sendhwa,India
Seondha,India
Seoni,India
Seoni Malwa,India
Shahdol,India
Shahgarh,India
Shahpur,India
Shahpura,India
Shajapur,India
Shamgarh,India
Sheopur,India
Shivpuri,India
Shujalpur,India
Sidhi,India
Sihora,India
Simaria,India
Singoli,India
Singrauli,India
Sirmaur,India
Sironj,India
Sitamau,India
Sohagi,India
Sohagpur,India
Sultanpur,India
Susner,India
Tal,India
Talen,India
Tarana,India
Tekanpur,India
Tendukheda,India
Teonthar,India
Thandla,India
Tikamgarh,India
Tirodi,India
Udaipura,India
Ujjain,India
Ukwa,India
Umaria,India
Umri,India
Unhel,India
Vidisha,India
Waraseoni,India
Achalpur,India
Adawad,India
Agar Panchaitan,India
Aheri,India
Ahmadpur,India
Ahmednagar,India
Airoli,India
Ajara,India
Akalkot,India
Akluj,India
Akola,India
Akolner,India
Akot,India
Akrani,India
Alandi,India
Ale,India
Alibag,India
Alkuti,India
Allapalli,India
Amalner,India
Amarnath,India
Ambad,India
Ambajogai,India
Ambegaon,India
Ambernath,India
Amgaon,India
Amravati,India
Andheri,India
Andura,India
Anjangaon,India
Anjarle,India
Anshing,India
Arag,India
Arangaon,India
Ardhapur,India
Argaon,India
Artist Village,India
Arvi,India
Ashta,India
Ashti,India
Asoda,India
Assaye,India
Astagaon,India
Aundh Satara,India
Aurangabad,India
Ausa,India
Badlapur,India
Badnapur,India
Badnera,India
Bagewadi,India
Balapur,India
Ballalpur,India
Ballard Estate,India
Ballarpur,India
Banda Maharashtra,India
Bandra,India
Baner,India
Bankot,India
Baramati,India
Barsi,India
Basmat,India
Bavdhan,India
Bawanbir,India
Beed,India
Bhadgaon Maharashtra,India
Bhandara,India
Bhandardara,India
Bhandup,India
Bhayandar,India
Bhigvan,India
Bhiwandi,India
Bhiwapur,India
Bhokar,India
Bhokardan,India
Bhoom,India
Bhor,India
Bhudgaon,India
Bhugaon,India
Bhusaval,India
Bijur,India
Bilashi,India
Biloli,India
Boisar,India
Borgaon Manju,India
Borivali,India
Brahmapuri,India
Breach Candy,India
Buldana,India
Byculla,India
Chakan,India
Chakur,India
Chalisgaon,India
Chanda,India
Chandgad,India
Chandor,India
Chandrapur,India
Chandur,India
Chandur Bazar,India
Chausala,India
Chembur,India
Chicholi,India
Chichondi Patil,India
Chikhli (Buldhana),India
Chikhli (Jalna),India
Chimur,India
Chinchani,India
Chinchpokli,India
Chiplun,India
Chopda,India
Colaba,India
Dabhol,India
Daddi,India
Dahanu,India
Dahivel,India
Dapoli,India
Darwha,India
Daryapur,India
Dattapur,India
Daulatabad,India
Daund,India
Deccan Gymkhana,India
Deglur,India
Dehu,India
Deolali,India
Deolapar,India
Deoli,India
Deoni,India
Deulgaon Raja,India
Devrukh,India
Dharangaon,India
Dharavi,India
Dharmabad,India
Dharur,India
Dhawalpuri,India
Dhule,India
Dhulia,India
Dighori,India
Diglur,India
Digras,India
Dindori Maharashtra,India
Diveagar,India
Dombivli,India
Dondaicha,India
Dongri,India
Dudhani,India
Durgapur,India
Durgapur Chandrapur,India
Erandol,India
Faizpur,India
Fort,India
Gadchiroli,India
Gadhinglaj,India
Gangakher,India
Gangapur,India
Ganpatipule,India
Gevrai,India
Ghargaon,India
Ghatanji,India
Ghatkopar,India
Ghoti Budrukh,India
Ghugus,India
Girgaon,India
Gondia,India
Gorai,India
Goregaon,India
Guhagar,India
Hadapsar Pune,India
Hadgaon,India
Halkarni,India
Harangul,India
Harnai,India
Helwak,India
Hinganghat,India
Hingoli,India
Hirapur,India
Hirapur Hamesha,India
Hotgi,India
Ichalkaranji,India
Igatpuri,India
Indapur,India
Jaisingpur,India
Jaitapur,India
Jakhangaon,India
Jalgaon,India
Jalgaon Jamod,India
Jalkot,India
Jalna,India
Jamkhed,India
Jamod,India
Janephal,India
Jaoli,India
Jat Sangli,India
Jategaon,India
Jawhar,India
Jaysingpur,India
Jejuri,India
Jintur,India
Jogeshwari,India
Juhu,India
Junnar,India
Kachurwahi,India
Kadegaon,India
Kadus,India
Kagal,India
Kaij,India
Kalamb,India
Kalamb Osmanabad,India
Kalamboli,India
Kalamnuri,India
Kalas,India
Kali(DK),India
Kalmeshwar,India
Kalundri,India
Kalyan,India
Kalyani Nagar,India
Kamargaon,India
Kamatgi,India
Kamptee,India
Kandri,India
Kankauli,India
Kankavli,India
Kannad,India
Karad,India
Karajagi,India
Karanja,India
Karanja Lad,India
Karjat,India
Karkamb,India
Karmala,India
Kasara,India
Kasoda,India
Kati,India
Katol,India
Katral,India
Khadki,India
Khalapur,India
Khallar,India
Khamgaon,India
Khanapur,India
Khandala,India
Khangaon,India
Khapa,India
Kharakvasla,India
Kharda,India
Kharghar,India
Kharsundi,India
Khed,India
Khetia,India
Khoni,India
Khopoli,India
Khuldabad,India
Kinwat,India
Kodoli,India
Kolhapur,India
Kondalwadi,India
Kondhali,India
Kopar Khairane,India
Kopargaon,India
Kopela,India
Koradi,India
Koregaon,India
Koynanagar,India
Kudal,India
Kuhi,India
Kurandvad,India
Kurankhed,India
Kurduvadi,India
Kusumba,India
Lakhandur,India
Lanja,India
Lasalgaon,India
Latur,India
Lavasa,India
Lohogaon,India
Lonar,India
Lonavla,India
Mahabaleshwar,India
Mahad,India
Mahape,India
Mahim,India
Maindargi,India
Majalgaon,India
Makhjan,India
Malabar Hill,India
Malad,India
Malegaon,India
Malkapur,India
Malvan,India
Manchar,India
Mandangad,India
Mandhal,India
Mandwa,India
Mangaon,India
Mangrul Pir,India
Manjlegaon,India
Mankeshwar,India
Mankhurd,India
Manmad,India
Manor,India
Mansar,India
Manwat,India
Maregaon,India
Mastiholi,India
Masur India,India
Matheran,India
Matunga,India
Mazagaon,India
Mehekar,India
Mehergaon,India
Mehkar,India
Mhasla,India
Mhasvad,India
Miraj,India
Mohadi,India
Mohol,India
Mohpa,India
Mokhada taluka,India
Mora Maharashtra,India
Moram,India
Morsi,India
Mowad,India
Mudkhed,India
Mukher,India
Mul,India
Mulher,India
Mulund,India
Mumbai,India
Mumbai Suburban,India
Murbad,India
Murgud,India
Murtajapur,India
Murud (Raigad),India
Murud (Ratnagiri),India
Murum,India
Nadgaon,India
Nagapur,India
Nagothana,India
Nagpur,India
Nagpur Division,India
Nala Sopara,India
Naldurg,India
Nalegaon,India
Nampur,India
Nanded,India
Nandgaon,India
Nandnee,India
Nandura,India
Nandura Buzurg,India
Nandurbar,India
Narayangaon,India
Nardana,India
Nariman Point,India
Narkhed,India
Nashik,India
Nashik Division,India
Navapur,India
Navi Mumbai,India
Neral,India
Nerur,India
Nevasa,India
Nighoj,India
Nilanga,India
Nipani,India
Niphad,India
Nira Narsingpur,India
Osmanabad,India
Ozar,India
Pabal,India
Pachora,India
Pahur Maharashtra,India
Paithan,India
Palghar,India
Pali Raigad,India
Palso,India
Panchgani,India
Pandharpur,India
Pandhurli,India
Panhala,India
Panvel,India
Parbhani,India
Parel,India
Parli Vaijnath,India
Parner,India
Parola,India
Parseoni,India
Partur,India
Patan,India
Pathardi,India
Pathri,India
Patur,India
Paturda,India
Paud,India
Pauni,India
Pawni,India
Pedgaon,India
Peint,India
Pen,India
Phaltan,India
Phulambri,India
Piliv,India
Pimpalgaon Baswant,India
Pimpalgaon Raja,India
Pimpri,India
Pimpri-Chinchwad,India
Pipri,India
Powai,India
Prabhadevi,India
Prakasha,India
Pulgaon,India
Pune,India
Pune Division,India
Puntamba,India
Pural,India
Purna,India
Pusad,India
Radhanagari,India
Rahata,India
Rahimatpur,India
Rahuri,India
Raigarh,India
Raireshwar,India
Rajapur,India
Rajgurunagar,India
Rajur,India
Rajura,India
Ralegaon,India
Ramewadi,India
Ramtek,India
Ratnagiri,India
Raver,India
Renapur,India
Renavi,India
Revadanda,India
Revdanda,India
Risod,India
Roha,India
Sailu,India
Sakol,India
Sakoli,India
Sakri,India
Samudrapur,India
Sangameshwar,India
Sangamner,India
Sangli,India
Sangola,India
Sangrampur Maharashtra,India
Saoli,India
Saoner,India
Sarangkheda,India
Saswad,India
Satana,India
Satara,India
Satara Division,India
Satpati,India
Savantvadi,India
Savda,India
Savlaj,India
Sawantvadi,India
Selu,India
Sevagram,India
Sewri,India
Shahada,India
Shahapur,India
Shedbal,India
Shegaon,India
Shevgaon,India
Shikrapur,India
Shiraguppi,India
Shirala,India
Shirdi,India
Shirgaon,India
Shirol,India
Shirpur,India
Shirud,India
Shirwal,India
Shivaji Nagar,India
Shrigonda,India
Sillod,India
Sindewahi,India
Sindhudurg,India
Sindi,India
Sindkheda,India
Sinnar,India
Sion Mumbai,India
Sironcha,India
Sirur,India
Sivala East Godavari,India
Solapur,India
Sonala,India
Sonegaon,India
Songir,India
Sonvad,India
Soygaon,India
Srivardhan,India
Surgana,India
Taklibhan,India
Talbid,India
Talegaon Dabhade,India
Talegaon Dhamdhere,India
Taloda,India
Talode,India
Tarapur,India
Tardeo,India
Tasgaon,India
Telhara,India
Thalner,India
Thane,India
Trimbak,India
Trombay,India
Tuljapur,India
Tumsar,India
Udgir,India
Ulhasnagar,India
Umarga,India
Umarkhed,India
Umred,India
Uran,India
Uruli Kanchan,India
Vada,India
Vadgaon,India
Vadner,India
Vaijapur,India
Vairag,India
Valsang,India
Vangaon,India
Varangaon,India
Vashi,India
Vasind,India
Vatul,India
Velas Maharashtra,India
Velneshwar,India
Vengurla,India
Vijaydurg,India
Vikhroli,India
Vile Parle,India
Vinchur,India
Virar,India
Vita Maharashtra,India
Vite,India
Wadala,India
Wadgaon,India
Wadner,India
Wadwani,India
Wagholi,India
Wai,India
Wakad,India
Walgaon,India
Walki,India
Wani,India
Wardha,India
Warora,India
Warud,India
Washim,India
Worli,India
Yaval,India
Yavatmal,India
Yeola,India
Bishnupur,India
Chandel,India
Churachandpur,India
Imphal East,India
Imphal West,India
Jiribam,India
Kakching,India
Kamjong,India
Kangpokpi,India
Noney,India
Pherzawl,India
Senapati,India
Tamenglong,India
Tengnoupal,India
Thoubal,India
Ukhrul,India
Cherrapunji,India
East Garo Hills,India
East Jaintia Hills,India
East Khasi Hills,India
Mairang,India
Mankachar,India
Nongpoh,India
Nongstoin,India
North Garo Hills,India
Ri-Bhoi,India
Shillong,India
South Garo Hills,India
South West Garo Hills,India
South West Khasi Hills,India
Tura,India
West Garo Hills,India
West Jaintia Hills,India
West Khasi Hills,India
Aizawl,India
Champhai,India
Darlawn,India
Khawhai,India
Kolasib,India
Lawngtlai,India
Lunglei,India
Mamit,India
North Vanlaiphai,India
Saiha,India
Sairang,India
Saitlaw,India
Serchhip,India
Thenzawl,India
Dimapur,India
Kohima,India
Mokokchung,India
Mon,India
Peren,India
Phek,India
Tuensang,India
Tuensang District,India
Wokha,India
Zunheboto,India
Angul,India
Angul District,India
Asika,India
Athagarh,India
Bada Barabil,India
Balangir,India
Balasore,India
Baleshwar,India
Balimila,India
Balugaon,India
Banapur,India
Banki,India
Banposh,India
Baragarh,India
Barbil,India
Bargarh,India
Barpali,India
Basudebpur,India
Baud,India
Baudh,India
Belaguntha,India
Bhadrak,India
Bhadrakh,India
Bhanjanagar,India
Bhawanipatna,India
Bhuban,India
Bhubaneswar,India
Binka,India
Birmitrapur,India
Bolanikhodan,India
Brahmapur,India
Brajarajnagar,India
Buguda,India
Burla,India
Champua,India
Chandbali,India
Chatrapur,India
Chikitigarh,India
Chittarkonda,India
Cuttack,India
Daitari,India
Deogarh,India
Dhenkanal,India
Digapahandi,India
Gajapati,India
Ganjam,India
Gopalpur,India
Gudari,India
Gunupur,India
Hinjilikatu,India
Hirakud,India
Jagatsinghpur,India
Jajpur,India
Jaleshwar,India
Jatani,India
Jeypore,India
Jharsuguda,India
Jharsuguda District,India
Kaintragarh,India
Kalahandi,India
Kamakhyanagar,India
Kandhamal,India
Kantabanji,India
Kantilo,India
Kendrapara,India
Kendujhar,India
Kesinga,India
Khallikot,India
Kharhial,India
Khordha,India
Khurda,India
Kiri Buru,India
Kodala,India
Konarka,India
Koraput,India
Kuchaiburi,India
Kuchinda,India
Malkangiri,India
Mayurbhanj,India
Nabarangpur,India
Nayagarh,India
Nayagarh District,India
Nilgiri,India
Nimaparha,India
Nowrangapur,India
Nuapada,India
Padampur,India
Paradip Garh,India
Patamundai,India
Patnagarh,India
Phulbani,India
Pipili,India
Polasara,India
Puri,India
Purushottampur,India
Rambha,India
Raurkela,India
Rayagada,India
Remuna,India
Rengali,India
Sambalpur,India
Sonepur,India
Sorada,India
Soro,India
Subarnapur,India
Sundargarh,India
Talcher,India
Tarabha,India
Titlagarh,India
Udayagiri,India
Karaikal,India
Mahe,India
Puducherry,India
Yanam,India
Abohar,India
Adampur,India
Ajitgarh,India
Ajnala,India
Akalgarh,India
Alawalpur,India
Amloh,India
Amritsar,India
Anandpur Sahib,India
Badhni Kalan,India
Bagha Purana,India
Bakloh,India
Balachor,India
Banga,India
Banur,India
Barnala,India
Batala,India
Begowal,India
Bhadaur,India
Bhatinda,India
Bhawanigarh,India
Bhikhi,India
Bhogpur,India
Bholath,India
Budhlada,India
Chima,India
Dasuya,India
Dera Baba Nanak,India
Dera Bassi,India
Dhanaula,India
Dhariwal,India
Dhilwan,India
Dhudi,India
Dhuri,India
Dina Nagar,India
Dirba,India
Doraha,India
Faridkot,India
Fatehgarh Churian,India
Fatehgarh Sahib,India
Fazilka,India
Firozpur,India
Firozpur District,India
Gardhiwala,India
Garhshankar,India
Ghanaur,India
Giddarbaha,India
Gurdaspur,India
Guru Har Sahai,India
Hajipur,India
Hariana,India
Hoshiarpur,India
Ishanpur,India
Jagraon,India
Jaito,India
Jalalabad,India
Jalandhar,India
Jandiala,India
Jandiala Guru,India
Kalanaur,India
Kapurthala,India
Kartarpur,India
Khamanon,India
Khanna,India
Kharar,India
Khemkaran,India
Kot Isa Khan,India
Kotkapura,India
Laungowal,India
Ludhiana,India
Machhiwara,India
Majitha,India
Makhu,India
Malaut,India
Malerkotla,India
Mansa,India
Maur Mandi,India
Moga,India
Mohali,India
Morinda,India
Mukerian,India
Nabha,India
Nakodar,India
Nangal,India
Nawanshahr,India
Nurmahal,India
Nurpur Kalan,India
Pathankot,India
Patiala,India
Patti,India
Phagwara,India
Phillaur,India
Qadian,India
Rahon,India
Raikot,India
Rajasansi,India
Rajpura,India
Ram Das,India
Rampura,India
Rupnagar,India
Samrala,India
Sanaur,India
Sangrur,India
Sardulgarh,India
Shahid Bhagat Singh Nagar,India
Shahkot,India
Sham Churasi,India
Sirhind-Fategarh,India
Sri Muktsar Sahib,India
Sultanpur Lodhi,India
Sunam,India
Talwandi Bhai,India
Talwara,India
Tarn Taran Sahib,India
Zira,India
Abhaneri,India
Abu,India
Abu Road,India
Ajmer,India
Aklera,India
Alwar,India
Amet,India
Anta,India
Anupgarh,India
Asind,India
Bagar,India
Bakani,India
Bali,India
Balotra,India
Bandikui,India
Banswara,India
Baran,India
Bari,India
Bari Sadri,India
Barmer,India
Basi,India
Basni,India
Baswa,India
Bayana,India
Beawar,India
Begun,India
Behror,India
Bhadasar,India
Bhadra,India
Bharatpur,India
Bhasawar,India
Bhilwara,India
Bhindar,India
Bhinmal,India
Bhiwadi,India
Bhuma,India
Bikaner,India
Bilara,India
Bissau,India
Borkhera,India
Bundi,India
Chaksu,India
Chechat,India
Chhabra,India
Chhapar,India
Chhoti Sadri,India
Chidawa,India
Chittaurgarh,India
Churu,India
Dariba,India
Dausa,India
Deoli,India
Deshnoke,India
Devgarh,India
Dhaulpur,India
Didwana,India
Dig,India
Dungarpur,India
Fatehpur,India
Galiakot,India
Ganganagar,India
Gangapur,India
Govindgarh,India
Gulabpura,India
Hanumangarh,India
Hindaun,India
Jahazpur,India
Jaipur,India
Jaisalmer,India
Jaitaran,India
Jalor,India
Jalore,India
Jhalawar,India
Jhalrapatan,India
Jhunjhunun,India
Jobner,India
Jodhpur,India
Kaman,India
Kanor,India
Kapren,India
Karanpur,India
Karauli,India
Kekri,India
Keshorai Patan,India
Khandela,India
Khanpur,India
Khetri,India
Kishangarh,India
Kota,India
Kotputli,India
Kuchaman,India
Kuchera,India
Kumher,India
Kushalgarh,India
Lachhmangarh Sikar,India
Ladnun,India
Lakheri,India
Lalsot,India
Losal,India
Mahwah,India
Makrana,India
Malpura,India
Mandal,India
Mandalgarh,India
Mandawar,India
Mangrol,India
Manohar Thana,India
Manoharpur,India
Meethari Marwar,India
Merta,India
Mundwa,India
Nadbai,India
Nagar,India
Nagaur,India
Nainwa,India
Napasar,India
Naraina,India
Nasirabad,India
Nathdwara,India
Nawa,India
Nawalgarh,India
Neem ka Thana,India
Nimaj,India
Nimbahera,India
Niwai,India
Nohar,India
Nokha,India
Padampur,India
Pali,India
Partapur,India
Parvatsar,India
Phalodi,India
Phulera,India
Pilani,India
Pilibangan,India
Pindwara,India
Pipar,India
Pirawa,India
Pokaran,India
Pratapgarh,India
Pushkar,India
Raipur,India
Raisinghnagar,India
Rajakhera,India
Rajaldesar,India
Rajgarh,India
Rajsamand,India
Ramganj Mandi,India
Ramgarh,India
Rani,India
Ratangarh,India
Rawatbhata,India
Rawatsar,India
Ringas,India
Sadri,India
Salumbar,India
Sambhar,India
Samdari,India
Sanchor,India
Sangaria,India
Sangod,India
Sardarshahr,India
Sarwar,India
Sawai Madhopur,India
Shahpura,India
Sheoganj,India
Sikar,India
Sirohi,India
Siwana,India
Sojat,India
Sri Dungargarh,India
Sri Madhopur,India
Sujangarh,India
Suket,India
Sunel,India
Surajgarh,India
Suratgarh,India
Takhatgarh,India
Taranagar,India
Tijara,India
Todabhim,India
Todaraisingh,India
Tonk,India
Udaipur,India
Udpura,India
Uniara,India
Wer,India
East,India
Gangtok,India
Gyalshing,India
Jorethang,India
Mangan,India
Namchi,India
Naya Bazar,India
North,India
Rangpo,India
Singtam,India
South,India
West,India
Abiramam,India
Adirampattinam,India
Aduthurai,India
Alagapuram,India
Alandur,India
Alanganallur,India
Alangayam,India
Alangudi,India
Alangulam,India
Alappakkam,India
Alwa Tirunagari,India
Ambasamudram,India
Ambattur,India
Ambur,India
Ammapettai,India
Anamalais,India
Andippatti,India
Annamalainagar,India
Annavasal,India
Annur,India
Anthiyur,India
Arakkonam,India
Arantangi,India
Arcot,India
Arimalam,India
Ariyalur,India
Arni,India
Arumbavur,India
Arumuganeri,India
Aruppukkottai,India
Aruvankad,India
Attayyampatti,India
Attur,India
Auroville,India
Avadi,India
Avinashi,India
Ayakudi,India
Ayyampettai,India
Belur,India
Bhavani,India
Bodinayakkanur,India
Chengam,India
Chennai,India
Chennimalai,India
Chetput,India
Chettipalaiyam,India
Cheyyar,India
Cheyyur,India
Chidambaram,India
Chingleput,India
Chinna Salem,India
Chinnamanur,India
Chinnasekkadu,India
Cholapuram,India
Coimbatore,India
Colachel,India
Cuddalore,India
Cumbum,India
Denkanikota,India
Desur,India
Devadanappatti,India
Devakottai,India
Dhali,India
Dharapuram,India
Dharmapuri,India
Dindigul,India
Dusi,India
Elayirampannai,India
Elumalai,India
Eral,India
Eraniel,India
Erode,India
Erumaippatti,India
Ettaiyapuram,India
Gandhi Nagar,India
Gangaikondan,India
Gangavalli,India
Gingee,India
Gobichettipalayam,India
Gudalur,India
Gudiyatham,India
Guduvancheri,India
Gummidipundi,India
Harur,India
Hosur,India
Idappadi,India
Ilampillai,India
Iluppur,India
Injambakkam,India
Irugur,India
Jalakandapuram,India
Jalarpet,India
Jayamkondacholapuram,India
Kadambur,India
Kadayanallur,India
Kalakkadu,India
Kalavai,India
Kallakkurichchi,India
Kallidaikurichi,India
Kallupatti,India
Kalugumalai,India
Kamuthi,India
Kanadukattan,India
Kancheepuram,India
Kanchipuram,India
Kangayam,India
Kanniyakumari,India
Karaikkudi,India
Karamadai,India
Karambakkudi,India
Kariapatti,India
Karumbakkam,India
Karur,India
Katpadi,India
Kattivakkam,India
Kattupputtur,India
Kaveripatnam,India
Kayalpattinam,India
Kayattar,India
Keelakarai,India
Kelamangalam,India
Kil Bhuvanagiri,India
Kilvelur,India
Kiranur,India
Kodaikanal,India
Kodumudi,India
Kombai,India
Konganapuram,India
Koothanallur,India
Koradachcheri,India
Korampallam,India
Kotagiri,India
Kottaiyur,India
Kovilpatti,India
Krishnagiri,India
Kulattur,India
Kulittalai,India
Kumaralingam,India
Kumbakonam,India
Kunnattur,India
Kurinjippadi,India
Kuttalam,India
Kuzhithurai,India
Lalgudi,India
Madambakkam,India
Madipakkam,India
Madukkarai,India
Madukkur,India
Madurai,India
Madurantakam,India
Mallapuram,India
Mallasamudram,India
Mallur,India
Manali,India
Manalurpettai,India
Manamadurai,India
Manappakkam,India
Manapparai,India
Manavalakurichi,India
Mandapam,India
Mangalam,India
Mannargudi,India
Marakkanam,India
Marandahalli,India
Masinigudi,India
Mattur,India
Mayiladuthurai,India
Melur,India
Mettuppalaiyam,India
Mettur,India
Minjur,India
Mohanur,India
Mudukulattur,India
Mulanur,India
Musiri,India
Muttupet,India
Naduvattam,India
Nagapattinam,India
Nagercoil,India
Namagiripettai,India
Namakkal,India
Nambiyur,India
Nambutalai,India
Nandambakkam,India
Nangavalli,India
Nangilickondan,India
Nanguneri,India
Nannilam,India
Naravarikuppam,India
Nattam,India
Nattarasankottai,India
Needamangalam,India
Neelankarai,India
Negapatam,India
Nellikkuppam,India
Nilakottai,India
Nilgiris,India
Odugattur,India
Omalur,India
Ooty,India
Padmanabhapuram,India
Palakkodu,India
Palamedu,India
Palani,India
Palavakkam,India
Palladam,India
Pallappatti,India
Pallattur,India
Pallavaram,India
Pallikondai,India
Pallipattu,India
Pallippatti,India
Panruti,India
Papanasam,India
Papireddippatti,India
Papparappatti,India
Paramagudi,India
Pattukkottai,India
Pennadam,India
Pennagaram,India
Pennathur,India
Peraiyur,India
Perambalur,India
Peranamallur,India
Peranampattu,India
Peravurani,India
Periyakulam,India
Periyanayakkanpalaiyam,India
Periyanegamam,India
Periyapatti,India
Periyapattinam,India
Perundurai,India
Perungudi,India
Perur,India
Pollachi,India
Polur,India
Ponnamaravati,India
Ponneri,India
Poonamalle,India
Porur,India
Pudukkottai,India
Puduppatti,India
Pudur,India
Puduvayal,India
Puliyangudi,India
Puliyur,India
Pullambadi,India
Punjai Puliyampatti,India
Rajapalaiyam,India
Ramanathapuram,India
Rameswaram,India
Ranipet,India
Rasipuram,India
Saint Thomas Mount,India
Salem,India
Sathankulam,India
Sathyamangalam,India
Sattur,India
Sayalkudi,India
Seven Pagodas,India
Sholinghur,India
Singanallur,India
Singapperumalkovil,India
Sirkazhi,India
Sirumugai,India
Sivaganga,India
Sivagiri,India
Sivakasi,India
Srimushnam,India
Sriperumbudur,India
Srivaikuntam,India
Srivilliputhur,India
Suchindram,India
Sulur,India
Surandai,India
Swamimalai,India
Tambaram,India
Tanjore,India
Taramangalam,India
Tattayyangarpettai,India
Thanjavur,India
Tharangambadi,India
Theni,India
Thenkasi,India
Thirukattupalli,India
Thiruthani,India
Thiruvaiyaru,India
Thiruvallur,India
Thiruvarur,India
Thiruvidaimaruthur,India
Thoothukudi,India
Tindivanam,India
Tinnanur,India
Tiruchchendur,India
Tiruchengode,India
Tiruchirappalli,India
Tirukkoyilur,India
Tirumullaivasal,India
Tirunelveli,India
Tirunelveli Kattabo,India
Tiruppalaikudi,India
Tirupparangunram,India
Tiruppur,India
Tiruppuvanam,India
Tiruttangal,India
Tiruvannamalai,India
Tiruvottiyur,India
Tisaiyanvilai,India
Tondi,India
Turaiyur,India
Udangudi,India
Udumalaippettai,India
Uppiliyapuram,India
Usilampatti,India
Uttamapalaiyam,India
Uttiramerur,India
Uttukkuli,India
V.S.K.Valasai (Dindigul-Dist.),India
Vadakku Valliyur,India
Vadakku Viravanallur,India
Vadamadurai,India
Vadippatti,India
Valangaiman,India
Valavanur,India
Vallam,India
Valparai,India
Vandalur,India
Vandavasi,India
Vaniyambadi,India
Vasudevanallur,India
Vattalkundu,India
Vedaraniyam,India
Vedasandur,India
Velankanni,India
Vellanur,India
Vellore,India
Velur,India
Vengavasal,India
Vettaikkaranpudur,India
Vettavalam,India
Vijayapuri,India
Vikravandi,India
Vilattikulam,India
Villupuram,India
Viraganur,India
Virudhunagar,India
Vriddhachalam,India
Walajapet,India
Wallajahbad,India
Wellington,India
Adilabad,India
Alampur,India
Andol,India
Asifabad,India
Balapur,India
Banswada,India
Bellampalli,India
Bhadrachalam,India
Bhadradri Kothagudem,India
Bhaisa,India
Bhongir,India
Bodhan,India
Chandur,India
Chatakonda,India
Dasnapur,India
Devarkonda,India
Dornakal,India
Farrukhnagar,India
Gaddi Annaram,India
Gadwal,India
Ghatkesar,India
Gopalur,India
Gudur,India
Hyderabad,India
Jagtial,India
Jangaon,India
Jayashankar Bhupalapally,India
Jogulamba Gadwal,India
Kagaznagar,India
Kamareddi,India
Kamareddy,India
Karimnagar,India
Khammam,India
Kodar,India
Koratla,India
Kothapet,India
Kottagudem,India
Kottapalli,India
Kukatpally,India
Kyathampalle,India
Lakshettipet,India
Lal Bahadur Nagar,India
Mahabubabad,India
Mahbubnagar,India
Malkajgiri,India
Mancheral,India
Mandamarri,India
Manthani,India
Manuguru,India
Medak,India
Medchal,India
Medchal Malkajgiri,India
Mirialguda,India
Nagar Karnul,India
Nalgonda,India
Narayanpet,India
Narsingi,India
Naspur,India
Nirmal,India
Nizamabad,India
Paloncha,India
Palwancha,India
Patancheru,India
Peddapalli,India
Quthbullapur,India
Rajanna Sircilla,India
Ramagundam,India
Ramgundam,India
Rangareddi,India
Sadaseopet,India
Sangareddi,India
Sathupalli,India
Secunderabad,India
Serilingampalle,India
Siddipet,India
Singapur,India
Sirpur,India
Sirsilla,India
Sriramnagar,India
Suriapet,India
Tandur,India
Uppal Kalan,India
Vemalwada,India
Vikarabad,India
Wanparti,India
Warangal,India
Yellandu,India
Zahirabad,India
Agartala,India
Amarpur,India
Ambasa,India
Barjala,India
Belonia,India
Dhalai,India
Dharmanagar,India
Gomati,India
Kailashahar,India
Kamalpur,India
Khowai,India
North Tripura,India
Ranir Bazar,India
Sabrum,India
Sonamura,India
South Tripura,India
Udaipur,India
Unakoti,India
West Tripura,India
Achhnera,India
Afzalgarh,India
Agra,India
Ahraura,India
Aidalpur,India
Airwa,India
Akbarpur,India
Akola,India
Aliganj,India
Aligarh,India
Allahabad,India
Allahganj,India
Amanpur,India
Amauli,India
Ambahta,India
Ambedkar Nagar,India
Amethi,India
Amroha,India
Anandnagar,India
Antu,India
Anupshahr,India
Aonla,India
Araul,India
Asalatganj,India
Atarra,India
Atrauli,India
Atraulia,India
Auraiya,India
Auras,India
Ayodhya,India
Azamgarh,India
Azizpur,India
Baberu,India
Babina,India
Babrala,India
Babugarh,India
Bachhraon,India
Bachhrawan,India
Baghpat,India
Baghra,India
Bah,India
Baheri,India
Bahjoi,India
Bahraich,India
Bahraigh,India
Bahsuma,India
Bahua,India
Bajna,India
Bakewar,India
Baksar,India
Balamau,India
Baldeo,India
Baldev,India
Ballia,India
Balrampur,India
Banat,India
Banda,India
Bangarmau,India
Bansdih,India
Bansgaon,India
Bansi,India
Banthra,India
Bara Banki,India
Baragaon,India
Baraut,India
Bareilly,India
Barhalganj,India
Barkhera,India
Barkhera Kalan,India
Barokhar,India
Barsana,India
Barwar (Lakhimpur Kheri),India
Basti,India
Behat,India
Bela,India
Belthara,India
Beniganj,India
Beswan,India
Bewar,India
Bhadarsa,India
Bhadohi,India
Bhagwantnagar,India
Bharatpura,India
Bhargain,India
Bharthana,India
Bharwari,India
Bhaupur,India
Bhimtal,India
Bhinga,India
Bhognipur,India
Bhongaon,India
Bidhnu,India
Bidhuna,India
Bighapur,India
Bighapur Khurd,India
Bijnor,India
Bikapur,India
Bilari,India
Bilariaganj,India
Bilaspur,India
Bilgram,India
Bilhaur,India
Bilsanda,India
Bilsi,India
Bilthra,India
Binauli,India
Binaur,India
Bindki,India
Birdpur,India
Birpur,India
Bisalpur,India
Bisanda Buzurg,India
Bisauli,India
Bisenda Buzurg,India
Bishunpur Urf Maharajganj,India
Biswan,India
Bithur,India
Budaun,India
Budhana,India
Bulandshahr,India
Captainganj,India
Chail,India
Chakia,India
Chandauli,India
Chandauli District,India
Chandausi,India
Chandpur,India
Chanduasi,India
Charkhari,India
Charthawal,India
Chhaprauli,India
Chharra,India
Chhata,India
Chhibramau,India
Chhitauni,India
Chhutmalpur,India
Chillupar,India
Chirgaon,India
Chitrakoot,India
Chitrakoot Dham,India
Chopan,India
Chunar,India
Churk,India
Colonelganj,India
Dadri,India
Dalmau,India
Dankaur,India
Daraganj,India
Daranagar,India
Dasna,India
Dataganj,India
Daurala,India
Dayal Bagh,India
Deoband,India
Deogarh,India
Deoranian,India
Deoria,India
Derapur,India
Dewa,India
Dhampur,India
Dhanaura,India
Dhanghata,India
Dharau,India
Dhaurahra,India
Dibai,India
Divrasai,India
Dohrighat,India
Domariaganj,India
Dostpur,India
Dudhi,India
Etah,India
Etawah,India
Etmadpur,India
Faizabad,India
Farah,India
Faridnagar,India
Faridpur,India
Farrukhabad,India
Fatehabad,India
Fatehganj West,India
Fatehgarh,India
Fatehpur,India
Fatehpur (Barabanki),India
Fatehpur Chaurasi,India
Fatehpur Sikri,India
Firozabad,India
Fyzabad,India
Gahlon,India
Gahmar,India
Gaini,India
Gajraula,India
Gangoh,India
Ganj Dundawara,India
Ganj Dundwara,India
Ganj Muradabad,India
Garautha,India
Garhi Pukhta,India
Garhmuktesar,India
Garhwa,India
Gauriganj,India
Gautam Buddha Nagar,India
Gawan,India
Ghatampur,India
Ghaziabad,India
Ghazipur,India
Ghiror,India
Ghorawal,India
Ghosi,India
Gohand,India
Gokul,India
Gola Bazar,India
Gola Gokarannath,India
Gonda,India
Gopamau,India
Gorakhpur,India
Gosainganj,India
Goshainganj,India
Govardhan,India
Greater Noida,India
Gulaothi,India
Gunnaur,India
Gursahaiganj,India
Gursarai,India
Gyanpur,India
Haldaur,India
Hamirpur,India
Handia,India
Hapur,India
Haraipur,India
Haraiya,India
Harchandpur,India
Hardoi,India
Harduaganj,India
Hasanpur,India
Hastinapur,India
Hata,India
Hata (India),India
Hathras,India
Hulas,India
Ibrahimpur,India
Iglas,India
Ikauna,India
Indergarh,India
Indragarh,India
Islamnagar,India
Islamnagar (Badaun),India
Itaunja,India
Itimadpur,India
Jagdishpur,India
Jagnair,India
Jahanabad,India
Jahanabad (Pilibhit),India
Jahangirabad,India
Jahangirpur,India
Jainpur,India
Jais,India
Jalalabad,India
Jalali,India
Jalalpur,India
Jalaun,India
Jalesar,India
Janghai,India
Jansath,India
Jarwa,India
Jarwal,India
Jasrana,India
Jaswantnagar,India
Jaunpur,India
Jewar,India
Jhajhar,India
Jhalu,India
Jhansi,India
Jhinjhak,India
Jhinjhana,India
Jhusi,India
Jiyanpur,India
Jyotiba Phule Nagar,India
Kabrai,India
Kachhwa,India
Kadaura,India
Kadipur,India
Kagarol,India
Kaimganj,India
Kairana,India
Kakori,India
Kakrala,India
Kalinagar,India
Kalpi,India
Kalyanpur,India
Kamalganj,India
Kampil,India
Kandhla,India
Kannauj,India
Kanpur,India
Kanpur Dehat,India
Kant,India
Kanth,India
Kaptanganj,India
Kara,India
Karari,India
Karbigwan,India
Karchana,India
Karhal,India
Kasganj,India
Katra,India
Kausani,India
Kaushambi,India
Kemri,India
Khada,India
Khaga,India
Khailar,India
Khair,India
Khairabad,India
Khalilabad,India
Khanpur,India
Kharela,India
Khargupur,India
Kharkhauda,India
Khatauli,India
Khekra,India
Kheri,India
Khudaganj,India
Khurja,India
Khutar,India
Kirakat,India
Kiraoli,India
Kiratpur,India
Kishanpur,India
Kishanpur baral,India
Kishni,India
Kithor,India
Konch,India
Kopaganj,India
Kosi,India
Kota,India
Kotra,India
Kuchesar,India
Kudarkot,India
Kulpahar,India
Kunda,India
Kundarkhi,India
Kundarki,India
Kurara,India
Kurebharsaidkhanpur,India
Kushinagar,India
Kusmara,India
Kuthaund,India
Laharpur,India
Lakhimpur,India
Lakhna,India
Lalganj,India
Lalitpur,India
Lambhua,India
Lar,India
Lawar,India
Lawar Khas,India
Loni,India
Lucknow,India
Lucknow District,India
Machhali Shahar,India
Machhlishahr,India
Madhoganj,India
Madhogarh,India
Maghar,India
Mahaban,India
Maharajganj,India
Mahmudabad,India
Mahoba,India
Maholi,India
Mahrajganj,India
Mahrajganj (Raebareli),India
Mahroni,India
Mahul,India
Mailani,India
Mainpuri,India
Majhupur,India
Makanpur,India
Malasa,India
Malihabad,India
Mandawar,India
Maniar,India
Manikpur,India
Manjhanpur,India
Mankapur,India
Marahra,India
Mariahu,India
Mataundh,India
Mathura,India
Mau,India
Mau Aima,India
Mau Aimma,India
Maudaha,India
Maurawan,India
Mawana,India
Mawar,India
Meerut,India
Mehdawal,India
Mehnagar,India
Mehndawal,India
Milak,India
Milkipur,India
Miranpur,India
Miranpur Katra,India
Mirganj,India
Mirzapur,India
Misrikh,India
Mohan,India
Mohanpur,India
Moradabad,India
Moth,India
Mubarakpur,India
Mughal Sarai,India
Muhammadabad,India
Mukteshwar,India
Mungra Badshahpur,India
Munsyari,India
Muradabad,India
Muradnagar,India
Mursan,India
Musafir-Khana,India
Musafirkhana,India
Muzaffarnagar,India
Nadigaon,India
Nagina,India
Nagla,India
Nagram,India
Najibabad,India
Nakur,India
Nanauta,India
Nandgaon,India
Nanpara,India
Narauli,India
Naraura,India
Narora,India
Naugama,India
Naurangpur,India
Nautanwa,India
Nawabganj,India
Nawabganj (Barabanki),India
Nawabganj (Bareilly),India
Newara,India
Nichlaul,India
Nigoh,India
Nihtaur,India
Niwari,India
Nizamabad,India
Noida,India
Nurpur,India
Obra,India
Orai,India
Oran,India
Pachperwa,India
Padrauna,India
Pahasu,India
Paigaon,India
Pali,India
Palia Kalan,India
Paras Rampur,India
Parichha,India
Parichhatgarh,India
Parshadepur,India
Pathakpura,India
Patiali,India
Patti,India
Pawayan,India
Payagpur,India
Phalauda,India
Phaphamau,India
Phaphund,India
Phariha,India
Pheona,India
Phulpur,India
Pichhaura,India
Pihani,India
Pilibhit,India
Pilkhua,India
Pilkhuwa,India
Pinahat,India
Pipraich,India
Pipri,India
Pratapgarh,India
Prayagraj (Allahabad),India
Pukhrayan,India
Puranpur,India
Purmafi,India
Purwa,India
Qadirganj,India
Rabupura,India
Radha Kund,India
Raebareli,India
Rajapur,India
Ramkola,India
Ramnagar,India
Rampur,India
Rampura,India
Ranipur,India
Ranipur Barsi,India
Rasra,India
Rasulabad,India
Rath,India
Raya,India
Rehar,India
Renukoot,India
Renukut,India
Reoti,India
Reotipur,India
Richha,India
Robertsganj,India
Rudarpur,India
Rudauli,India
Rura,India
Sabalpur,India
Sachendi,India
Sadabad,India
Sadat,India
Safipur,India
Saharanpur,India
Sahaspur,India
Sahaswan,India
Sahawar,India
Sahibabad,India
Sahpau,India
Saidpur,India
Sakhanu,India
Sakit,India
Salempur,India
Salon,India
Sambhal,India
Samthar,India
Sandi,India
Sandila,India
Sant Kabir Nagar,India
Sant Ravi Das Nagar,India
Sarai Akil,India
Sarai Ekdil,India
Sarai Mir,India
Sarauli,India
Sardhana,India
Sarila,India
Sarurpur,India
Sasni,India
Satrikh,India
Saurikh,India
Sector,India
Seohara,India
Shahabad,India
Shahganj,India
Shahi,India
Shahjahanpur,India
Shahpur,India
Shamli,India
Shamsabad,India
Shankargarh,India
Shergarh,India
Sherkot,India
Shibnagar,India
Shikarpur,India
Shikarpur (Bulandshahr),India
Shikohabad,India
Shishgarh,India
Shivrajpur,India
Shrawasti,India
Siddharthnagar,India
Siddhaur,India
Sidhauli,India
Sidhpura,India
Sikandarabad,India
Sikandarpur,India
Sikandra,India
Sikandra Rao,India
Sikandrabad,India
Sirathu,India
Sirsa,India
Sirsaganj,India
Sirsi,India
Sisauli,India
Siswa Bazar,India
Sitapur,India
Sonbhadra,India
Soron,India
Suar,India
Sultanpur,India
Surianwan,India
Tajpur,India
Talbahat,India
Talgram,India
Tanda,India
Terha,India
Thakurdwara,India
Thana Bhawan,India
Tigri,India
Tikaitnagar,India
Tikri,India
Tilhar,India
Tilsahri,India
Tindwari,India
Titron,India
Tori Fatehpur,India
Tulsipur,India
Tundla,India
Ugu,India
Ujhani,India
Umri,India
Un,India
Unnao,India
Usawan,India
Usehat,India
Uska,India
Utraula,India
Varanasi,India
Vindhyachal,India
Vrindavan,India
Walterganj,India
Wazirganj,India
Yusufpur,India
Zafarabad,India
Zaidpur,India
Zamania,India
Almora,India
Bageshwar,India
Banbasa,India
Barkot,India
Bazpur,India
Bhim Tal,India
Bhowali,India
Birbhaddar,India
Chakrata,India
Chamoli,India
Champawat,India
Clement Town,India
Dehradun,India
Devaprayag,India
Dharchula,India
Doiwala,India
Dugadda,India
Dwarahat,India
Garhwal,India
Haldwani,India
Harbatpur,India
Haridwar,India
Jaspur,India
Joshimath,India
Kaladhungi,India
Kalagarh Project Colony,India
Kashipur,India
Khatima,India
Kichha,India
Kotdwara,India
Laksar,India
Lansdowne,India
Lohaghat,India
Manglaur,India
Mussoorie,India
Naini Tal,India
Narendranagar,India
Pauri,India
Pipalkoti,India
Pithoragarh,India
Raipur,India
Raiwala Bara,India
Ramnagar,India
Ranikhet,India
Rishikesh,India
Roorkee,India
Rudraprayag,India
Sitarganj,India
Srinagar,India
Sultanpur,India
Tanakpur,India
Tehri,India
Tehri-Garhwal,India
Udham Singh Nagar,India
Uttarkashi,India
Vikasnagar,India
Adra,India
Ahmedpur,India
Aknapur,India
Alipurduar,India
Amlagora,India
Amta,India
Amtala,India
Andal,India
Arambagh community development block,India
Asansol,India
Ashoknagar Kalyangarh,India
Badkulla,India
Baduria,India
Bagdogra,India
Bagnan,India
Bagula,India
Bahula,India
Baidyabati,India
Bakreswar,India
Balarampur,India
Bali Chak,India
Bally,India
Balurghat,India
Bamangola community development block,India
Baneswar,India
Bangaon,India
Bankra,India
Bankura,India
Bansberia,India
Bansihari community development block,India
Barabazar,India
Baranagar,India
Barasat,India
Bardhaman,India
Barjora,India
Barrackpore,India
Baruipur,India
Basanti,India
Basirhat,India
Bawali,India
Begampur,India
Belda,India
Beldanga,India
Beliatore,India
Berhampore,India
Bhadreswar,India
Bhandardaha,India
Bhatpara,India
Birbhum,India
Birpara,India
Bishnupur,India
Bolpur,India
Budge Budge,India
Canning,India
Chakapara,India
Chakdaha,India
Champadanga,India
Champahati,India
Champdani,India
Chandannagar,India
Chandrakona,India
Chittaranjan,India
Churulia,India
Contai,India
Cooch Behar,India
Cossimbazar,India
Dakshin Dinajpur,India
Dalkola,India
Dam Dam,India
Darjeeling,India
Daulatpur,India
Debagram,India
Debipur,India
Dhaniakhali community development block,India
Dhulagari,India
Dhulian,India
Dhupguri,India
Diamond Harbour,India
Digha,India
Dinhata,India
Domjur,India
Dubrajpur,India
Durgapur,India
Egra,India
Falakata,India
Farakka,India
Fort Gloster,India
Gaighata community development block,India
Gairkata,India
Gangadharpur,India
Gangarampur,India
Garui,India
Garulia,India
Ghatal,India
Giria,India
Gobardanga,India
Gobindapur,India
Gopalpur,India
Gopinathpur,India
Gorubathan,India
Gosaba,India
Gosanimari,India
Gurdaha,India
Guskhara,India
Habra,India
Haldia,India
Haldibari,India
Halisahar,India
Harindanga,India
Haringhata,India
Haripur,India
Hasimara,India
Hindusthan Cables Town,India
Hooghly,India
Howrah,India
Ichapur,India
Indpur community development block,India
Ingraj Bazar,India
Islampur,India
Jafarpur,India
Jaigaon,India
Jalpaiguri,India
Jamuria,India
Jangipur,India
Jaynagar Majilpur,India
Jejur,India
Jhalida,India
Jhargram,India
Jhilimili,India
Kakdwip,India
Kalaikunda,India
Kaliaganj,India
Kalimpong,India
Kalna,India
Kalyani,India
Kamarhati,India
Kamarpukur,India
Kanchrapara,India
Kandi,India
Karimpur,India
Katwa,India
Kenda,India
Keshabpur,India
Kharagpur,India
Kharar,India
Kharba,India
Khardaha,India
Khatra,India
Kirnahar,India
Kolkata,India
Konnagar,India
Krishnanagar,India
Krishnapur,India
Kshirpai,India
Kulpi,India
Kultali,India
Kulti,India
Kurseong,India
Lalgarh,India
Lalgola,India
Loyabad,India
Madanpur,India
Madhyamgram,India
Mahiari,India
Mahishadal community development block,India
Mainaguri,India
Manikpara,India
Masila,India
Mathabhanga,India
Matiali community development block,India
Matigara community development block,India
Medinipur,India
Mejia community development block,India
Memari,India
Mirik,India
Monoharpur,India
Muragacha,India
Muri,India
Murshidabad,India
Nabadwip,India
Nabagram,India
Nadia,India
Nagarukhra,India
Nagrakata,India
Naihati,India
Naksalbari,India
Nalhati,India
Nalpur,India
Namkhana community development block,India
Nandigram,India
Nangi,India
Nayagram community development block,India
North 24 Parganas,India
Odlabari,India
Paikpara,India
Panagarh,India
Panchla,India
Panchmura,India
Pandua,India
Panihati,India
Panskura,India
Parbatipur,India
Paschim Medinipur,India
Patiram,India
Patrasaer,India
Patuli,India
Pujali,India
Puncha community development block,India
Purba Medinipur,India
Purulia,India
Raghudebbati,India
Raghunathpur,India
Raiganj,India
Rajmahal,India
Rajnagar community development block,India
Ramchandrapur,India
Ramjibanpur,India
Ramnagar,India
Rampur Hat,India
Ranaghat,India
Raniganj,India
Raypur,India
Rishra,India
Sahapur,India
Sainthia,India
Salanpur community development block,India
Sankarpur,India
Sankrail,India
Santipur,India
Santoshpur,India
Santuri community development block,India
Sarenga,India
Serampore,India
Serpur,India
Shyamnagar West Bengal,India
Siliguri,India
Singur,India
Sodpur,India
Solap,India
Sonada,India
Sonamukhi,India
Sonarpur community development block,India
South 24 Parganas,India
Srikhanda,India
Srirampur,India
Suri,India
Swarupnagar community development block,India
Takdah,India
Taki,India
Tamluk,India
Tarakeswar,India
Titagarh,India
Tufanganj,India
Tulin,India
Uchalan,India
Ula,India
Uluberia,India
Uttar Dinajpur,India
Uttarpara Kotrung,India
